{
    "total_runtime": 548.0210947990417,
    "num_documents": 1,
    "input_load_time": 0,
    "workflows": {
        "create_base_text_units": {
            "overall": 0.19431781768798828,
            "0_orderby": 0.004577159881591797,
            "1_zip": 0.0021643638610839844,
            "2_aggregate_override": 0.0025177001953125,
            "3_chunk": 0.13465189933776855,
            "4_select": 0.007813453674316406,
            "5_unroll": 0.0,
            "6_rename": 0.005507230758666992,
            "7_genid": 0.0,
            "8_unzip": 0.009735822677612305,
            "9_copy": 0.0,
            "10_filter": 0.014322042465209961
        },
        "create_base_extracted_entities": {
            "overall": 461.1030271053314,
            "0_entity_extract": 461.09083795547485,
            "1_merge_graphs": 0.010017156600952148
        },
        "create_summarized_entities": {
            "overall": 0.01996779441833496,
            "0_summarize_descriptions": 0.011287689208984375
        },
        "create_base_entity_graph": {
            "overall": 0.029230594635009766,
            "0_cluster_graph": 0.018099546432495117,
            "1_select": 0.00800943374633789
        },
        "create_final_entities": {
            "overall": 0.9023885726928711,
            "0_unpack_graph": 0.011061906814575195,
            "1_rename": 0.006417274475097656,
            "2_select": 0.007000446319580078,
            "3_dedupe": 0.00946187973022461,
            "4_rename": 0.00800633430480957,
            "5_filter": 0.01831364631652832,
            "6_text_split": 0.0004551410675048828,
            "7_drop": 0.013563394546508789,
            "8_merge": 0.008040666580200195,
            "9_text_embed": 0.7869505882263184,
            "10_drop": 0.008650541305541992,
            "11_filter": 0.024466753005981445
        },
        "create_final_nodes": {
            "overall": 0.14210104942321777,
            "0_layout_graph": 0.014785528182983398,
            "1_unpack_graph": 0.009167194366455078,
            "2_unpack_graph": 0.008713722229003906,
            "3_drop": 0.008485794067382812,
            "4_filter": 0.017513275146484375,
            "5_select": 0.004029035568237305,
            "6_rename": 0.010386466979980469,
            "7_convert": 0.03684592247009277,
            "8_join": 0.009047508239746094,
            "9_rename": 0.016167402267456055
        },
        "create_final_communities": {
            "overall": 0.21428704261779785,
            "0_unpack_graph": 0.018993377685546875,
            "1_unpack_graph": 0.008073568344116211,
            "2_aggregate_override": 0.01852250099182129,
            "3_join": 0.011893749237060547,
            "4_join": 0.016036510467529297,
            "5_concat": 0.0,
            "6_filter": 0.02969503402709961,
            "7_aggregate_override": 0.019511699676513672,
            "8_join": 0.01153254508972168,
            "9_filter": 0.027368545532226562,
            "10_fill": 0.0035791397094726562,
            "11_merge": 0.023946046829223633,
            "12_copy": 0.012136220932006836,
            "13_select": 0.009597063064575195
        },
        "join_text_units_to_entity_ids": {
            "overall": 0.05435490608215332,
            "0_select": 0.014921426773071289,
            "1_unroll": 0.02415323257446289,
            "2_aggregate_override": 0.01375889778137207
        },
        "create_final_relationships": {
            "overall": 0.19298267364501953,
            "0_unpack_graph": 0.03173422813415527,
            "1_filter": 0.030970335006713867,
            "2_rename": 0.009012460708618164,
            "3_filter": 0.03060770034790039,
            "4_drop": 0.014605522155761719,
            "5_compute_edge_combined_degree": 0.015645503997802734,
            "6_convert": 0.03123950958251953,
            "7_convert": 0.013028621673583984
        },
        "join_text_units_to_relationship_ids": {
            "overall": 0.07639884948730469,
            "0_select": 0.015708208084106445,
            "1_unroll": 0.014507293701171875,
            "2_aggregate_override": 0.015801191329956055,
            "3_select": 0.01537013053894043
        },
        "create_final_community_reports": {
            "overall": 82.0330331325531,
            "0_prepare_community_reports_nodes": 0.022209644317626953,
            "1_prepare_community_reports_edges": 0.020839452743530273,
            "2_restore_community_hierarchy": 0.01879405975341797,
            "3_prepare_community_reports": 0.0325465202331543,
            "4_create_community_reports": 81.90330290794373,
            "5_window": 0.019516468048095703
        },
        "create_final_text_units": {
            "overall": 0.13603734970092773,
            "0_select": 0.013259649276733398,
            "1_rename": 0.030148029327392578,
            "2_join": 0.019029617309570312,
            "3_join": 0.011455535888671875,
            "4_aggregate_override": 0.03069591522216797,
            "5_select": 0.020704984664916992
        },
        "create_base_documents": {
            "overall": 0.2169654369354248,
            "0_unroll": 0.016667604446411133,
            "1_select": 0.023940563201904297,
            "2_rename": 0.02102828025817871,
            "3_join": 0.02934718132019043,
            "4_aggregate_override": 0.014505386352539062,
            "5_join": 0.031244277954101562,
            "6_rename": 0.02669811248779297,
            "7_convert": 0.03599953651428223
        },
        "create_final_documents": {
            "overall": 0.03385734558105469,
            "0_rename": 0.01784062385559082
        }
    }
}